fill_id,timestamp_ms,arm,venue,instrument,side,fill_price,fill_size,quote_price,spread_bps_at_placement,top5_imbalance,flow_1s,realised_vol_10s,queue_ahead,fill_reason,is_primary_pessimistic_fill,is_queue_depleted_fill,mid_1s,mid_10s,mid_60s,far_touch_exit_10s,exit_time_ms,round_trip_edge_bps,rt_net_hl,rt_net_binance_vip0,rt_net_binance_bnb,rt_net_zero_fee
1,1791441811481,A,hyperliquid,GRIFFAIN,SELL,0.01591800,628.61453357,0.01591800,12.57,0.3101,0.0000,0.00,17369.0000,queue_depleted,False,True,,,,,,,,,,
2,1791441811481,B,hyperliquid,GRIFFAIN,SELL,0.01591800,628.61453357,0.01591800,12.57,0.3101,0.0000,0.00,17369.0000,queue_depleted,False,True,,,,,,,,,,
3,1791441811481,C,hyperliquid,GRIFFAIN,SELL,0.01591800,628.61453357,0.01591800,12.57,0.3101,0.0000,0.00,17369.0000,queue_depleted,False,True,,,,,,,,,,
15,1791441829267,A,hyperliquid,GRIFFAIN,SELL,0.01592800,628.08152498,0.01592800,8.17,0.2731,0.0000,0.00,3139.0000,queue_depleted,False,True,,,,,,,,,,
16,1791441829267,B,hyperliquid,GRIFFAIN,SELL,0.01592800,628.08152498,0.01592800,8.17,0.2731,0.0000,0.00,3139.0000,queue_depleted,False,True,,,,,,,,,,
17,1791441829267,C,hyperliquid,GRIFFAIN,SELL,0.01592800,628.08152498,0.01592800,8.17,0.2731,0.0000,0.00,3139.0000,queue_depleted,False,True,,,,,,,,,,
24,1791441855210,A,hyperliquid,MINA,SELL,0.08849800,113.01095076,0.08849800,2.49,0.6051,0.0000,0.00,510.0000,queue_depleted,False,True,,,,,,,,,,
27,1791441917884,A,hyperliquid,CASHCAT,BUY,0.12164000,82.18277449,0.12164000,6.57,0.5525,0.0000,0.00,33.0000,queue_depleted,False,True,,,,,,,,,,
28,1791441921904,A,hyperliquid,CASHCAT,BUY,0.12156000,82.24022369,0.12156000,5.76,0.0939,0.0000,0.00,135.0000,queue_depleted,False,True,,,,,,,,,,
37,1791441992839,A,hyperliquid,LIT,BUY,3.56200000,2.80705694,3.56200000,2.53,0.3366,0.0000,0.00,29.0000,queue_depleted,False,True,,,,,,,,,,
42,1791442179797,B,hyperliquid,CASHCAT,BUY,0.12148000,82.30113987,0.12148000,4.12,0.6179,0.0000,0.00,107.0000,queue_depleted,False,True,,,,,,,,,,
43,1791442179797,C,hyperliquid,CASHCAT,BUY,0.12148000,82.30113987,0.12148000,4.12,0.6179,0.0000,0.00,107.0000,queue_depleted,False,True,,,,,,,,,,
45,1791442201739,B,hyperliquid,CASHCAT,SELL,0.12156000,82.29098091,0.12156000,6.58,0.3235,0.0000,0.00,119.0000,queue_depleted,False,True,,,,,,,,,,
46,1791442201739,C,hyperliquid,CASHCAT,SELL,0.12156000,82.29098091,0.12156000,6.58,0.3235,0.0000,0.00,119.0000,queue_depleted,False,True,,,,,,,,,,
48,1791442208208,A,hyperliquid,CASHCAT,BUY,0.12156000,82.25037013,0.12156000,3.29,0.1971,0.0000,0.00,114.0000,queue_depleted,False,True,,,,,,,,,,
54,1791442238734,A,hyperliquid,CASHCAT,SELL,0.12157000,82.28420966,0.12157000,6.58,0.5573,0.0000,0.00,159.0000,queue_depleted,False,True,,,,,,,,,,
57,1791442241867,A,hyperliquid,VVV,BUY,24.96200000,0.40056881,24.96200000,2.00,0.8838,0.0000,0.00,6.4500,queue_depleted,False,True,,,,,,,,,,
58,1791442241867,B,hyperliquid,VVV,BUY,24.96200000,0.40056881,24.96200000,2.00,0.8838,0.0000,0.00,6.4500,queue_depleted,False,True,,,,,,,,,,
59,1791442241867,C,hyperliquid,VVV,BUY,24.96200000,0.40056881,24.96200000,2.00,0.8838,0.0000,0.00,6.4500,queue_depleted,False,True,,,,,,,,,,
74,1791442325695,A,hyperliquid,kPEPE,SELL,0.00403300,2479.85120893,0.00403300,2.48,0.5782,0.0000,0.00,12394.0000,queue_depleted,False,True,,,,,,,,,,
81,1791442412398,A,hyperliquid,GRIFFAIN,SELL,0.01602400,624.39511723,0.01602400,10.61,0.2935,0.0000,0.00,1251.0000,queue_depleted,False,True,,,,,,,,,,
82,1791442412398,B,hyperliquid,GRIFFAIN,SELL,0.01602400,624.39511723,0.01602400,10.61,0.2935,0.0000,0.00,1251.0000,queue_depleted,False,True,,,,,,,,,,
83,1791442412398,C,hyperliquid,GRIFFAIN,SELL,0.01602400,624.39511723,0.01602400,10.61,0.2935,0.0000,0.00,1251.0000,queue_depleted,False,True,,,,,,,,,,
90,1791442431425,A,hyperliquid,VVV,SELL,24.98700000,0.40027219,24.98700000,3.20,0.7410,0.0000,0.00,1.8700,queue_depleted,False,True,,,,,,,,,,
95,1791442449946,A,hyperliquid,GRIFFAIN,SELL,0.01603700,623.88869826,0.01603700,10.61,0.3220,0.0000,0.00,1250.0000,queue_depleted,False,True,,,,,,,,,,
96,1791442449946,B,hyperliquid,GRIFFAIN,SELL,0.01603700,623.88869826,0.01603700,10.61,0.3220,0.0000,0.00,1250.0000,queue_depleted,False,True,,,,,,,,,,
97,1791442449946,C,hyperliquid,GRIFFAIN,SELL,0.01603700,623.88869826,0.01603700,10.61,0.3220,0.0000,0.00,1250.0000,queue_depleted,False,True,,,,,,,,,,
101,1791442460780,A,hyperliquid,kPEPE,SELL,0.00403600,2478.00768182,0.00403600,2.48,0.5682,0.0000,0.00,12388.0000,queue_depleted,False,True,,,,,,,,,,
106,1791442482959,A,hyperliquid,GRIFFAIN,SELL,0.01604300,623.73304226,0.01604300,13.10,0.3286,0.0000,0.00,23586.0000,queue_depleted,False,True,,,,,,,,,,
107,1791442482959,B,hyperliquid,GRIFFAIN,SELL,0.01604300,623.73304226,0.01604300,13.10,0.3286,0.0000,0.00,23586.0000,queue_depleted,False,True,,,,,,,,,,
108,1791442482959,C,hyperliquid,GRIFFAIN,SELL,0.01604300,623.73304226,0.01604300,13.10,0.3286,0.0000,0.00,23586.0000,queue_depleted,False,True,,,,,,,,,,
116,1791442500349,A,hyperliquid,GRIFFAIN,SELL,0.01604500,623.69414039,0.01604500,14.34,0.4078,0.0000,0.00,17369.0000,queue_depleted,False,True,,,,,,,,,,
138,1791442745927,A,hyperliquid,CRV,SELL,0.39170000,25.53332738,0.39170000,2.81,0.6915,0.0000,0.00,112.5000,queue_depleted,False,True,,,,,,,,,,
147,1791442812164,A,hyperliquid,kPEPE,BUY,0.00403600,2477.39378174,0.00403600,2.48,0.5042,0.0000,0.00,5821.0000,queue_depleted,False,True,,,,,,,,,,
158,1791442949856,A,hyperliquid,PONS,BUY,0.41164000,24.28953121,0.41164000,2.91,0.3792,0.0000,0.00,517.0000,queue_depleted,False,True,,,,,,,,,,
160,1791442951542,A,hyperliquid,VVV,BUY,24.93300000,0.40099447,24.93300000,4.01,0.1999,0.0000,0.00,2.0000,queue_depleted,False,True,,,,,,,,,,
162,1791442955993,A,hyperliquid,PONS,BUY,0.41143000,24.29926981,0.41143000,5.10,0.5629,931.0000,0.00,31.0000,queue_depleted,False,True,,,,,,,,,,
177,1791443020853,A,hyperliquid,kPEPE,BUY,0.00402300,2485.39828508,0.00402300,2.49,0.2679,0.0000,0.00,556.0000,queue_depleted,False,True,,,,,,,,,,
184,1791443078114,A,hyperliquid,CASHCAT,SELL,0.12211000,81.92692119,0.12211000,8.19,0.7684,0.0000,0.00,250.0000,queue_depleted,False,True,,,,,,,,,,
191,1791443122694,A,hyperliquid,kPEPE,SELL,0.00402700,2483.54650441,0.00402700,2.48,0.6021,0.0000,0.00,12706.0000,queue_depleted,False,True,,,,,,,,,,
194,1791443136354,A,hyperliquid,kPEPE,SELL,0.00403000,2481.69748108,0.00403000,2.48,0.6841,0.0000,0.00,12406.0000,queue_depleted,False,True,,,,,,,,,,
195,1791443136419,A,hyperliquid,LIT,SELL,3.54820000,2.81876735,3.54820000,3.10,0.9458,0.0000,0.00,28.0000,queue_depleted,False,True,,,,,,,,,,
198,1791443281472,A,hyperliquid,kPEPE,SELL,0.00403600,2478.00768182,0.00403600,2.48,0.5614,0.0000,0.00,12388.0000,queue_depleted,False,True,,,,,,,,,,
205,1791443416117,A,hyperliquid,AVAX,SELL,10.85800000,0.92114959,10.85800000,3.68,0.5747,1.0200,0.00,4.6000,queue_depleted,False,True,,,,,,,,,,
207,1791443444537,A,hyperliquid,kPEPE,SELL,0.00403400,2479.23639519,0.00403400,2.48,0.6709,0.0000,0.00,9504.0000,queue_depleted,False,True,,,,,,,,,,
218,1791443521236,A,hyperliquid,CASHCAT,BUY,0.12316000,81.17212549,0.12316000,5.68,0.3359,0.0000,0.00,42.0000,queue_depleted,False,True,,,,,,,,,,
222,1791443557542,A,hyperliquid,CASHCAT,SELL,0.12324000,81.15236356,0.12324000,2.43,0.6047,0.0000,0.00,92.0000,queue_depleted,False,True,,,,,,,,,,
271,1791444001609,A,hyperliquid,kPEPE,SELL,0.00405400,2467.00382386,0.00405400,2.47,0.6794,0.0000,0.00,40947.0000,queue_depleted,False,True,,,,,,,,,,
274,1791444028522,A,hyperliquid,CASHCAT,BUY,0.12407000,80.58017728,0.12407000,4.83,0.6464,0.0000,0.00,107.0000,queue_depleted,False,True,,,,,,,,,,
275,1791444028522,B,hyperliquid,CASHCAT,BUY,0.12407000,80.58017728,0.12407000,4.83,0.6464,0.0000,0.00,107.0000,queue_depleted,False,True,,,,,,,,,,
276,1791444028522,C,hyperliquid,CASHCAT,BUY,0.12407000,80.58017728,0.12407000,4.83,0.6464,0.0000,0.00,107.0000,queue_depleted,False,True,,,,,,,,,,
282,1791444089009,A,hyperliquid,kPEPE,SELL,0.00405600,2465.78720256,0.00405600,2.47,0.5938,0.0000,0.00,12324.0000,queue_depleted,False,True,,,,,,,,,,
289,1791444131240,A,hyperliquid,CASHCAT,SELL,0.12436000,80.43758044,0.12436000,6.44,0.5307,0.0000,0.00,207.0000,queue_depleted,False,True,,,,,,,,,,
291,1791444135011,A,hyperliquid,VVV,SELL,25.05300000,0.39923347,25.05300000,3.99,0.2690,0.0000,0.00,12.0300,queue_depleted,False,True,,,,,,,,,,
292,1791444135011,B,hyperliquid,VVV,SELL,25.05300000,0.39923347,25.05300000,3.99,0.2690,0.0000,0.00,12.0300,queue_depleted,False,True,,,,,,,,,,
293,1791444135011,C,hyperliquid,VVV,SELL,25.05300000,0.39923347,25.05300000,3.99,0.2690,0.0000,0.00,12.0300,queue_depleted,False,True,,,,,,,,,,
297,1791444152187,A,hyperliquid,CASHCAT,SELL,0.12449000,80.36001286,0.12449000,8.04,0.6784,0.0000,0.00,156.0000,queue_depleted,False,True,,,,,,,,,,
299,1791444156657,A,hyperliquid,CASHCAT,SELL,0.12452000,80.32451102,0.12452000,4.02,0.7604,0.0000,0.00,134.0000,queue_depleted,False,True,,,,,,,,,,
321,1791444624932,A,binance,HEMIUSDT,SELL,0.00624000,1603.84923817,0.00624000,16.04,0.3935,0.0000,0.00,369747.7000,queue_depleted,False,True,,,,,,,,,,
322,1791444624932,B,binance,HEMIUSDT,SELL,0.00624000,1603.84923817,0.00624000,16.04,0.3935,0.0000,0.00,369747.7000,queue_depleted,False,True,,,,,,,,,,
323,1791444624932,C,binance,HEMIUSDT,SELL,0.00624000,1603.84923817,0.00624000,16.04,0.3935,0.0000,0.00,369747.7000,queue_depleted,False,True,,,,,,,,,,
327,1791444631429,A,binance,ENAUSDT,SELL,0.22160000,45.13653803,0.22160000,4.51,0.5433,0.0000,0.96,47.3800,queue_depleted,False,True,,,,,,,,,,
335,1791444633165,A,hyperliquid,VVV,BUY,24.99400000,0.40003200,24.99400000,3.20,0.1173,0.0000,0.00,2.1500,queue_depleted,False,True,,,,,,,,,,
344,1791444650883,A,binance,MOVRUSDT,BUY,1.90600000,5.24521374,1.90600000,5.25,0.5449,0.0000,1.12,2.9000,queue_depleted,False,True,,,,,,,,,,
349,1791444673388,A,hyperliquid,GRAM,SELL,1.42780000,7.00451791,1.42780000,2.10,0.3968,0.0000,0.00,103.0000,queue_depleted,False,True,,,,,,,,,,
350,1791444673388,B,hyperliquid,GRAM,SELL,1.42780000,7.00451791,1.42780000,2.10,0.3968,0.0000,0.00,103.0000,queue_depleted,False,True,,,,,,,,,,
351,1791444673388,C,hyperliquid,GRAM,SELL,1.42780000,7.00451791,1.42780000,2.10,0.3968,0.0000,0.00,103.0000,queue_depleted,False,True,,,,,,,,,,
360,1791444712176,A,binance,ADAUSDT,SELL,0.25390000,39.39334253,0.25390000,3.94,0.5772,0.0000,0.00,2567.1000,queue_depleted,False,True,,,,,,,,,,
362,1791444720449,A,binance,ORCAUSDT,SELL,2.73000000,3.66367467,2.73000000,3.66,0.4335,0.0000,0.46,17.7600,queue_depleted,False,True,,,,,,,,,,
363,1791444721003,A,binance,FETUSDT,SELL,0.23290000,42.94610264,0.23290000,4.29,0.4926,0.0000,0.81,2422.6000,queue_depleted,False,True,,,,,,,,,,
364,1791444721012,A,hyperliquid,CASHCAT,SELL,0.12421000,80.52502315,0.12421000,4.03,0.5269,0.0000,0.00,368.0000,queue_depleted,False,True,,,,,,,,,,
366,1791444724107,A,binance,ORCAUSDT,SELL,2.73200000,3.66166239,2.73200000,7.32,0.3418,34.2400,1.12,1296.7100,queue_depleted,False,True,,,,,,,,,,
367,1791444724107,B,binance,ORCAUSDT,SELL,2.73200000,3.66166239,2.73200000,7.32,0.3418,34.2400,1.12,1296.7100,queue_depleted,False,True,,,,,,,,,,
368,1791444724107,C,binance,ORCAUSDT,SELL,2.73200000,3.66166239,2.73200000,7.32,0.3418,34.2400,1.12,1296.7100,queue_depleted,False,True,,,,,,,,,,
374,1791444768857,A,binance,FETUSDT,BUY,0.23280000,42.94610264,0.23280000,4.29,0.4335,0.0000,0.99,151.3000,queue_depleted,False,True,,,,,,,,,,
377,1791444790758,A,binance,TAOUSDT,BUY,286.20000000,0.03493450,286.20000000,3.49,0.5671,0.0000,0.48,5.0492,queue_depleted,False,True,,,,,,,,,,
381,1791444806331,A,binance,ENAUSDT,BUY,0.22190000,45.05519261,0.22190000,4.51,0.5704,70.9800,1.23,47.3200,queue_depleted,False,True,,,,,,,,,,
391,1791444826027,A,binance,ADAUSDT,BUY,0.25370000,39.40886700,0.25370000,3.94,0.4873,0.0000,0.63,187.9000,queue_depleted,False,True,,,,,,,,,,
395,1791444845457,A,binance,ZROUSDT,SELL,2.11500000,4.72925041,2.11500000,4.73,0.7480,0.0000,0.68,86.2500,queue_depleted,False,True,,,,,,,,,,
396,1791444855030,A,hyperliquid,VVV,SELL,25.00400000,0.39999200,25.00400000,2.80,0.1376,0.0000,0.00,20.0000,queue_depleted,False,True,,,,,,,,,,
397,1791444855030,B,hyperliquid,VVV,SELL,25.00400000,0.39999200,25.00400000,2.80,0.1376,0.0000,0.00,20.0000,queue_depleted,False,True,,,,,,,,,,
398,1791444855030,C,hyperliquid,VVV,SELL,25.00400000,0.39999200,25.00400000,2.80,0.1376,0.0000,0.00,20.0000,queue_depleted,False,True,,,,,,,,,,
402,1791444871729,A,binance,ADAUSDT,SELL,0.25390000,39.39334253,0.25390000,3.94,0.5875,0.0000,0.53,2787.7000,queue_depleted,False,True,,,,,,,,,,
403,1791444871730,A,binance,FETUSDT,SELL,0.23250000,43.02000430,0.23250000,4.30,0.5384,0.0000,0.70,2146.3000,queue_depleted,False,True,,,,,,,,,,
406,1791444885637,A,binance,FETUSDT,BUY,0.23250000,43.00150505,0.23250000,4.30,0.5767,0.0000,0.00,3851.9000,queue_depleted,False,True,,,,,,,,,,
408,1791444890000,A,binance,ZROUSDT,BUY,2.11500000,4.72701489,2.11500000,4.73,0.5773,0.0000,0.84,241.2000,queue_depleted,False,True,,,,,,,,,,
410,1791444892254,A,binance,FETUSDT,BUY,0.23250000,43.00150505,0.23250000,4.30,0.5466,0.0000,0.00,22.6000,queue_depleted,False,True,,,,,,,,,,
413,1791444904625,A,binance,FETUSDT,SELL,0.23250000,43.02000430,0.23250000,4.30,0.6933,0.0000,0.00,22.6000,queue_depleted,False,True,,,,,,,,,,
414,1791444905691,A,binance,ZROUSDT,SELL,2.11400000,4.73148805,2.11400000,4.73,0.6555,0.0000,0.57,114.4400,queue_depleted,False,True,,,,,,,,,,
415,1791444909478,A,binance,FETUSDT,BUY,0.23250000,43.00150505,0.23250000,4.30,0.4760,0.0000,0.72,303.8000,queue_depleted,False,True,,,,,,,,,,
416,1791444912517,A,hyperliquid,ZRO,BUY,2.11390000,4.73003335,2.11390000,2.37,0.4780,0.0000,0.00,30.5000,queue_depleted,False,True,,,,,,,,,,
419,1791444925635,B,binance,FETUSDT,BUY,0.23230000,43.03851947,0.23230000,4.30,0.6139,0.0000,0.75,1126.3000,queue_depleted,False,True,,,,,,,,,,
420,1791444925635,C,binance,FETUSDT,BUY,0.23230000,43.03851947,0.23230000,4.30,0.6139,0.0000,0.75,1126.3000,queue_depleted,False,True,,,,,,,,,,
423,1791444925784,A,binance,ENAUSDT,SELL,0.22120000,45.21817771,0.22120000,4.52,0.6976,0.0000,0.89,70.5300,queue_depleted,False,True,,,,,,,,,,
427,1791444939023,A,binance,ZROUSDT,SELL,2.11400000,4.73148805,2.11400000,4.73,0.7360,0.0000,0.57,99.2900,queue_depleted,False,True,,,,,,,,,,
431,1791444945635,A,binance,FETUSDT,BUY,0.23230000,43.03851947,0.23230000,4.30,0.5029,0.0000,0.00,22.6000,queue_depleted,False,True,,,,,,,,,,
433,1791444947441,A,binance,FETUSDT,BUY,0.23220000,43.05705059,0.23220000,4.31,0.5551,0.0000,0.81,46.3000,queue_depleted,False,True,,,,,,,,,,
439,1791444955856,A,binance,FETUSDT,BUY,0.23220000,43.05705059,0.23220000,4.31,0.5535,0.0000,1.22,5910.9000,queue_depleted,False,True,,,,,,,,,,
443,1791444960089,A,binance,ADAUSDT,SELL,0.25370000,39.42440371,0.25370000,3.94,0.5910,0.0000,0.00,2228.2000,queue_depleted,False,True,,,,,,,,,,
444,1791444961143,A,hyperliquid,CASHCAT,SELL,0.12440000,80.39877794,0.12440000,3.22,0.4095,0.0000,0.00,1700.0000,queue_depleted,False,True,,,,,,,,,,
450,1791444969386,A,hyperliquid,CASHCAT,BUY,0.12444000,80.35032743,0.12444000,2.41,0.4319,0.0000,0.00,135.0000,queue_depleted,False,True,,,,,,,,,,
452,1791444984114,A,binance,FETUSDT,SELL,0.23230000,43.05705059,0.23230000,4.31,0.5494,0.0000,0.69,5812.6000,queue_depleted,False,True,,,,,,,,,,
453,1791444984545,A,hyperliquid,CASHCAT,SELL,0.12447000,80.37616043,0.12447000,8.84,0.6330,0.0000,0.00,1903.0000,queue_depleted,False,True,,,,,,,,,,
455,1791444985883,A,hyperliquid,PONS,BUY,0.40518000,24.67764822,0.40518000,2.22,0.0236,0.0000,0.00,31.0000,queue_depleted,False,True,,,,,,,,,,
461,1791444996216,A,hyperliquid,CASHCAT,BUY,0.12428000,80.43434547,0.12428000,7.24,0.8572,0.0000,0.00,386.0000,queue_depleted,False,True,,,,,,,,,,
462,1791444996216,B,hyperliquid,CASHCAT,BUY,0.12428000,80.43434547,0.12428000,7.24,0.8572,0.0000,0.00,386.0000,queue_depleted,False,True,,,,,,,,,,
463,1791444996216,C,hyperliquid,CASHCAT,BUY,0.12428000,80.43434547,0.12428000,7.24,0.8572,0.0000,0.00,386.0000,queue_depleted,False,True,,,,,,,,,,
464,1791445002933,A,binance,FETUSDT,SELL,0.23230000,43.05705059,0.23230000,4.31,0.5691,0.0000,0.94,4114.6000,queue_depleted,False,True,,,,,,,,,,
469,1791445027279,A,binance,ADAUSDT,BUY,0.25400000,39.36233025,0.25400000,3.94,0.4419,0.0000,0.72,120.7000,queue_depleted,False,True,,,,,,,,,,
483,1791445092107,A,hyperliquid,kPEPE,BUY,0.00406400,2460.32722352,0.00406400,2.46,0.5348,0.0000,0.00,7726.0000,queue_depleted,False,True,,,,,,,,,,
485,1791445095078,A,hyperliquid,VVV,SELL,25.04800000,0.39928129,25.04800000,2.40,0.0622,0.0000,0.00,3.9900,queue_depleted,False,True,,,,,,,,,,
486,1791445095078,B,hyperliquid,VVV,SELL,25.04800000,0.39928129,25.04800000,2.40,0.0622,0.0000,0.00,3.9900,queue_depleted,False,True,,,,,,,,,,
487,1791445095078,C,hyperliquid,VVV,SELL,25.04800000,0.39928129,25.04800000,2.40,0.0622,0.0000,0.00,3.9900,queue_depleted,False,True,,,,,,,,,,
492,1791445102838,A,binance,ADAUSDT,SELL,0.25400000,39.37783028,0.25400000,3.94,0.5561,0.0000,0.00,1756.4000,queue_depleted,False,True,,,,,,,,,,
493,1791445103426,A,hyperliquid,VVV,BUY,25.06300000,0.39893087,25.06300000,3.19,0.0400,0.0000,0.00,1.9600,queue_depleted,False,True,,,,,,,,,,
495,1791445104002,A,binance,TAOUSDT,SELL,286.50000000,0.03491011,286.50000000,3.49,0.5428,0.0000,0.50,0.0184,queue_depleted,False,True,,,,,,,,,,
497,1791445111475,A,binance,ENAUSDT,SELL,0.22210000,45.03490205,0.22210000,4.50,0.5412,0.0000,0.61,35318.3800,queue_depleted,False,True,,,,,,,,,,
507,1791445133884,A,hyperliquid,VVV,SELL,25.06700000,0.39898657,25.06700000,2.79,0.1183,0.0000,0.00,1.9000,queue_depleted,False,True,,,,,,,,,,
508,1791445133884,B,hyperliquid,VVV,SELL,25.06700000,0.39898657,25.06700000,2.79,0.1183,0.0000,0.00,1.9000,queue_depleted,False,True,,,,,,,,,,
509,1791445133884,C,hyperliquid,VVV,SELL,25.06700000,0.39898657,25.06700000,2.79,0.1183,0.0000,0.00,1.9000,queue_depleted,False,True,,,,,,,,,,
513,1791445142580,A,binance,ADAUSDT,BUY,0.25390000,39.37783028,0.25390000,3.94,0.4710,0.0000,0.58,6054.2000,queue_depleted,False,True,,,,,,,,,,
514,1791445152791,A,binance,TAOUSDT,BUY,286.30000000,0.03492230,286.30000000,3.49,0.4429,0.0000,0.81,0.0646,queue_depleted,False,True,,,,,,,,,,
518,1791445167296,A,hyperliquid,CRV,SELL,0.39498000,25.32158412,0.39498000,3.04,0.7498,0.0000,0.00,110.7000,queue_depleted,False,True,,,,,,,,,,
525,1791445214541,B,hyperliquid,CASHCAT,BUY,0.12380000,80.73305615,0.12380000,10.50,0.6517,0.0000,0.00,88.0000,queue_depleted,False,True,,,,,,,,,,
526,1791445214541,C,hyperliquid,CASHCAT,BUY,0.12380000,80.73305615,0.12380000,10.50,0.6517,0.0000,0.00,88.0000,queue_depleted,False,True,,,,,,,,,,
530,1791445218328,A,binance,RAYUSDT,SELL,2.50720000,3.98946780,2.50720000,4.79,0.6739,320.0000,1.07,2.2000,queue_depleted,False,True,,,,,,,,,,
531,1791445220912,A,binance,ZROUSDT,SELL,2.11800000,4.72255018,2.11800000,4.72,0.3946,14.1000,1.26,224.1300,queue_depleted,False,True,,,,,,,,,,
534,1791445229359,A,binance,ENAUSDT,BUY,0.22170000,45.09582864,0.22170000,4.51,0.6219,0.0000,0.78,152.3800,queue_depleted,False,True,,,,,,,,,,
535,1791445229359,B,binance,ENAUSDT,BUY,0.22170000,45.09582864,0.22170000,4.51,0.6219,0.0000,0.78,152.3800,queue_depleted,False,True,,,,,,,,,,
536,1791445229359,C,binance,ENAUSDT,BUY,0.22170000,45.09582864,0.22170000,4.51,0.6219,0.0000,0.78,152.3800,queue_depleted,False,True,,,,,,,,,,
541,1791445231502,A,binance,ZROUSDT,BUY,2.11800000,4.72032098,2.11800000,4.72,0.3404,0.0000,1.35,49.7100,queue_depleted,False,True,,,,,,,,,,
542,1791445231545,A,hyperliquid,kPEPE,BUY,0.00405500,2465.78720256,0.00405500,2.47,0.3979,0.0000,0.00,9853.0000,queue_depleted,False,True,,,,,,,,,,
553,1791445264489,A,hyperliquid,CASHCAT,SELL,0.12391000,80.72653885,0.12391000,5.65,0.7323,0.0000,0.00,2009.0000,queue_depleted,False,True,,,,,,,,,,
558,1791445276017,A,hyperliquid,kPEPE,BUY,0.00405300,2467.00382386,0.00405300,2.47,0.3948,0.0000,0.00,3166.0000,queue_depleted,False,True,,,,,,,,,,
560,1791445283136,A,hyperliquid,kPEPE,BUY,0.00405200,2467.61258482,0.00405200,2.47,0.4931,0.0000,0.00,461874.0000,queue_depleted,False,True,,,,,,,,,,
562,1791445286734,A,hyperliquid,VVV,BUY,25.00500000,0.39987204,25.00500000,2.40,0.3322,0.0000,0.00,1.8100,queue_depleted,False,True,,,,,,,,,,
564,1791445290592,A,hyperliquid,CASHCAT,BUY,0.12396000,80.65491793,0.12396000,4.03,0.5118,0.0000,0.00,4.0000,queue_depleted,False,True,,,,,,,,,,
565,1791445295894,A,hyperliquid,CASHCAT,BUY,0.12388000,80.69396813,0.12388000,7.26,0.4633,100.0000,0.00,101.0000,queue_depleted,False,True,,,,,,,,,,
568,1791445305043,A,hyperliquid,VVV,SELL,25.00900000,0.39990402,25.00900000,2.40,0.1241,0.0000,0.00,19.2800,queue_depleted,False,True,,,,,,,,,,
569,1791445305043,B,hyperliquid,VVV,SELL,25.00900000,0.39990402,25.00900000,2.40,0.1241,0.0000,0.00,19.2800,queue_depleted,False,True,,,,,,,,,,
570,1791445305043,C,hyperliquid,VVV,SELL,25.00900000,0.39990402,25.00900000,2.40,0.1241,0.0000,0.00,19.2800,queue_depleted,False,True,,,,,,,,,,
575,1791445307636,A,binance,TAOUSDT,BUY,286.00000000,0.03495892,286.00000000,3.50,0.4834,0.0000,0.88,1.6356,queue_depleted,False,True,,,,,,,,,,
577,1791445318509,A,hyperliquid,CASHCAT,BUY,0.12388000,80.70048017,0.12388000,5.65,0.4247,0.0000,0.00,10.0000,queue_depleted,False,True,,,,,,,,,,
578,1791445325400,A,binance,ENAUSDT,SELL,0.22190000,45.07550146,0.22190000,4.51,0.6147,0.0000,0.00,47.3400,queue_depleted,False,True,,,,,,,,,,
579,1791445329938,A,binance,ADAUSDT,SELL,0.25360000,39.43995267,0.25360000,3.94,0.5958,0.0000,0.00,3586.0000,queue_depleted,False,True,,,,,,,,,,
580,1791445334903,A,hyperliquid,CASHCAT,BUY,0.12390000,80.69396813,0.12390000,4.03,0.7794,0.0000,0.00,807.0000,queue_depleted,False,True,,,,,,,,,,
581,1791445334903,B,hyperliquid,CASHCAT,BUY,0.12390000,80.69396813,0.12390000,4.03,0.7794,0.0000,0.00,807.0000,queue_depleted,False,True,,,,,,,,,,
582,1791445334903,C,hyperliquid,CASHCAT,BUY,0.12390000,80.69396813,0.12390000,4.03,0.7794,0.0000,0.00,807.0000,queue_depleted,False,True,,,,,,,,,,
583,1791445335038,A,hyperliquid,VVV,SELL,25.00300000,0.40000800,25.00300000,2.80,0.3315,0.0000,0.00,8.3600,queue_depleted,False,True,,,,,,,,,,
584,1791445335038,B,hyperliquid,VVV,SELL,25.00300000,0.40000800,25.00300000,2.80,0.3315,0.0000,0.00,8.3600,queue_depleted,False,True,,,,,,,,,,
585,1791445335038,C,hyperliquid,VVV,SELL,25.00300000,0.40000800,25.00300000,2.80,0.3315,0.0000,0.00,8.3600,queue_depleted,False,True,,,,,,,,,,
593,1791445341843,A,binance,ENAUSDT,BUY,0.22200000,45.03490205,0.22200000,4.50,0.5171,1215.8000,0.00,15908.0800,queue_depleted,False,True,,,,,,,,,,
596,1791445358084,A,binance,ORCAUSDT,SELL,2.72400000,3.67174592,2.72400000,3.67,0.6352,2.4300,0.92,51.5700,queue_depleted,False,True,,,,,,,,,,
599,1791445372411,A,binance,ZROUSDT,BUY,2.11900000,4.71809389,2.11900000,4.72,0.5306,0.0000,0.00,380.2300,queue_depleted,False,True,,,,,,,,,,
601,1791445375810,A,binance,ZROUSDT,BUY,2.11700000,4.72255018,2.11700000,4.72,0.5834,1366.4500,2.41,94.5000,queue_depleted,False,True,,,,,,,,,,
604,1791445383097,A,binance,ENAUSDT,BUY,0.22170000,45.09582864,0.22170000,4.51,0.6058,1235.3000,0.63,152.3700,queue_depleted,False,True,,,,,,,,,,
605,1791445383097,B,binance,ENAUSDT,BUY,0.22170000,45.09582864,0.22170000,4.51,0.6058,1235.3000,0.63,152.3700,queue_depleted,False,True,,,,,,,,,,
611,1791445432672,A,binance,XLMUSDT,BUY,0.19940000,50.13787917,0.19940000,5.01,0.4223,0.0000,0.00,4751.0000,queue_depleted,False,True,,,,,,,,,,
612,1791445433106,A,binance,TAOUSDT,BUY,285.80000000,0.03498338,285.80000000,3.50,0.4327,0.0000,0.67,0.0184,queue_depleted,False,True,,,,,,,,,,
616,1791445437342,A,binance,FETUSDT,BUY,0.23170000,43.14994606,0.23170000,4.31,0.5347,0.0000,0.00,22.7000,queue_depleted,False,True,,,,,,,,,,
618,1791445443599,A,binance,FETUSDT,BUY,0.23160000,43.16857328,0.23160000,4.32,0.5969,0.0000,0.68,8014.7000,queue_depleted,False,True,,,,,,,,,,
619,1791445447084,A,binance,FETUSDT,SELL,0.23160000,43.18721658,0.23160000,4.32,0.6446,0.0000,0.95,1909.5000,queue_depleted,False,True,,,,,,,,,,
621,1791445449107,A,binance,FETUSDT,SELL,0.23160000,43.18721658,0.23160000,4.32,0.6451,0.0000,0.72,1102.7000,queue_depleted,False,True,,,,,,,,,,
625,1791445456723,A,binance,XLMUSDT,BUY,0.19930000,50.16302985,0.19930000,5.02,0.4743,0.0000,0.00,68130.0000,queue_depleted,False,True,,,,,,,,,,
626,1791445461997,A,binance,FETUSDT,SELL,0.23160000,43.18721658,0.23160000,4.32,0.7068,0.0000,0.00,150.0000,queue_depleted,False,True,,,,,,,,,,
627,1791445464947,A,binance,FETUSDT,BUY,0.23160000,43.16857328,0.23160000,4.32,0.5157,0.0000,0.79,0.4000,queue_depleted,False,True,,,,,,,,,,
628,1791445469065,A,binance,RAYUSDT,SELL,2.49730000,4.00496616,2.49730000,3.20,0.6226,0.0000,0.48,12.7000,queue_depleted,False,True,,,,,,,,,,
639,1791445496076,A,binance,RAYUSDT,SELL,2.49920000,4.00208108,2.49920000,4.00,0.5771,0.0000,0.33,23.2000,queue_depleted,False,True,,,,,,,,,,
641,1791445501133,A,binance,ENAUSDT,BUY,0.22120000,45.19774011,0.22120000,4.52,0.6073,0.0000,0.00,4566.3100,queue_depleted,False,True,,,,,,,,,,
645,1791445523055,A,hyperliquid,JUP,BUY,0.37845000,26.41903227,0.37845000,3.43,0.0640,0.0000,0.00,132.0000,queue_depleted,False,True,,,,,,,,,,
655,1791445531632,A,binance,FETUSDT,BUY,0.23150000,43.18721658,0.23150000,4.32,0.4770,0.0000,0.72,22.7000,queue_depleted,False,True,,,,,,,,,,
657,1791445538755,A,hyperliquid,CASHCAT,BUY,0.12396000,80.64516129,0.12396000,6.45,0.5854,0.0000,0.00,88.0000,queue_depleted,False,True,,,,,,,,,,
659,1791445545670,A,binance,FETUSDT,SELL,0.23150000,43.20587600,0.23150000,4.32,0.6215,0.0000,0.00,1544.4000,queue_depleted,False,True,,,,,,,,,,
660,1791445551870,A,binance,FETUSDT,BUY,0.23150000,43.18721658,0.23150000,4.32,0.4921,0.0000,1.34,22.7000,queue_depleted,False,True,,,,,,,,,,
669,1791445568368,A,binance,ADAUSDT,BUY,0.25270000,39.56478734,0.25270000,3.96,0.4430,0.0000,0.50,12585.4000,queue_depleted,False,True,,,,,,,,,,
670,1791445571875,A,hyperliquid,CASHCAT,BUY,0.12388000,80.69071250,0.12388000,8.07,0.1907,0.0000,0.00,101.0000,queue_depleted,False,True,,,,,,,,,,
676,1791445608933,A,hyperliquid,VVV,BUY,24.90500000,0.40147744,24.90500000,2.41,0.3526,0.0000,0.00,1.7000,queue_depleted,False,True,,,,,,,,,,
678,1791445614725,A,hyperliquid,CASHCAT,BUY,0.12372000,80.79502303,0.12372000,8.08,0.2980,0.0000,0.00,66.0000,queue_depleted,False,True,,,,,,,,,,
680,1791445633263,A,binance,TAOUSDT,BUY,285.00000000,0.03508156,285.00000000,3.51,0.4293,0.0000,0.57,0.0370,queue_depleted,False,True,,,,,,,,,,
681,1791445635063,A,hyperliquid,VVV,SELL,24.91200000,0.40145326,24.91200000,2.01,0.8904,0.0000,0.00,20.0700,queue_depleted,False,True,,,,,,,,,,
684,1791445635528,A,binance,TAOUSDT,BUY,284.80000000,0.03510620,284.80000000,3.51,0.5034,0.6634,0.93,1.6108,queue_depleted,False,True,,,,,,,,,,
686,1791445640306,A,hyperliquid,kPEPE,BUY,0.00404400,2472.49350970,0.00404400,2.47,0.5506,0.0000,0.00,2720.0000,queue_depleted,False,True,,,,,,,,,,
694,1791445684515,A,binance,RAYUSDT,SELL,2.49200000,4.01356585,2.49200000,3.61,0.1107,0.0000,0.27,20.8000,queue_depleted,False,True,,,,,,,,,,
695,1791445684515,B,binance,RAYUSDT,SELL,2.49200000,4.01356585,2.49200000,3.61,0.1107,0.0000,0.27,20.8000,queue_depleted,False,True,,,,,,,,,,
696,1791445684515,C,binance,RAYUSDT,SELL,2.49200000,4.01356585,2.49200000,3.61,0.1107,0.0000,0.27,20.8000,queue_depleted,False,True,,,,,,,,,,
700,1791445687041,A,binance,RAYUSDT,SELL,2.49220000,4.01324370,2.49220000,3.61,0.2121,0.0000,0.34,1033.0000,queue_depleted,False,True,,,,,,,,,,
701,1791445687041,B,binance,RAYUSDT,SELL,2.49220000,4.01324370,2.49220000,3.61,0.2121,0.0000,0.34,1033.0000,queue_depleted,False,True,,,,,,,,,,
702,1791445687041,C,binance,RAYUSDT,SELL,2.49220000,4.01324370,2.49220000,3.61,0.2121,0.0000,0.34,1033.0000,queue_depleted,False,True,,,,,,,,,,
706,1791445691224,A,binance,FETUSDT,SELL,0.23090000,43.31817197,0.23090000,4.33,0.6398,0.0000,0.00,622.8000,queue_depleted,False,True,,,,,,,,,,
707,1791445693120,A,binance,XLMUSDT,SELL,0.19900000,50.26388540,0.19900000,5.03,0.5533,0.0000,0.00,2604.0000,queue_depleted,False,True,,,,,,,,,,
710,1791445696858,A,binance,ENAUSDT,SELL,0.22020000,45.42357484,0.22020000,4.54,0.5709,0.0000,0.69,1328.6800,queue_depleted,False,True,,,,,,,,,,
711,1791445701556,A,binance,FETUSDT,SELL,0.23100000,43.29941546,0.23100000,4.33,0.5592,0.0000,0.00,15242.9000,queue_depleted,False,True,,,,,,,,,,
713,1791445715207,A,binance,ADAUSDT,SELL,0.25250000,39.61180432,0.25250000,3.96,0.5741,0.0000,0.00,2012.6000,queue_depleted,False,True,,,,,,,,,,
718,1791445725282,A,binance,FETUSDT,BUY,0.23120000,43.24324324,0.23120000,4.32,0.5977,0.0000,0.67,4367.1000,queue_depleted,False,True,,,,,,,,,,
720,1791445727305,A,binance,FETUSDT,SELL,0.23120000,43.26195111,0.23120000,4.33,0.7154,0.0000,0.98,22.8000,queue_depleted,False,True,,,,,,,,,,
730,1791445765027,A,binance,ADAUSDT,SELL,0.25260000,39.59611958,0.25260000,3.96,0.5917,0.0000,0.78,6390.6000,queue_depleted,False,True,,,,,,,,,,
731,1791445768970,A,binance,XLMUSDT,BUY,0.19910000,50.21340698,0.19910000,5.02,0.5105,0.0000,0.00,30635.0000,queue_depleted,False,True,,,,,,,,,,
732,1791445769263,A,binance,RAYUSDT,BUY,2.49130000,4.01316318,2.49130000,4.01,0.2177,0.0000,0.46,10.0000,queue_depleted,False,True,,,,,,,,,,
734,1791445770415,A,binance,FETUSDT,BUY,0.23110000,43.26195111,0.23110000,4.33,0.5626,0.0000,0.94,122.8000,queue_depleted,False,True,,,,,,,,,,
736,1791445795035,A,binance,TAOUSDT,BUY,284.70000000,0.03511853,284.70000000,3.51,0.4143,16.3694,0.59,0.5484,queue_depleted,False,True,,,,,,,,,,
