dimension,cell,status,n,blocks,mk +1s,mk +10s,mk +60s,drift +10s,gross +10s [95% CI],gross>0,n>=300 & gross>0
spread at placement (bps),"[2,3)",exploratory (post-hoc),99,9,0.4697735508075547,-4.642407399116814,-2.8117659841813305,-5.873922550631964,"-5.85 [-7.10, -4.77]",no,no
spread at placement (bps),"[3,5)",exploratory (post-hoc),28,8,0.05457230347366223,-3.4598515327182624,-4.86568757061313,-5.250030104146835,"-4.86 [-7.00, -2.86]",no,no
spread at placement (bps),"[5,10)",exploratory (post-hoc),19,9,0.7037208341677988,-1.922303280532952,-13.965791467047612,-5.322566438427688,"-5.52 [-10.67, -0.39]",no,no
spread at placement (bps),>=10,exploratory (post-hoc),15,6,4.510536775128732,3.400574448747731,-6.970662899312122,-3.165425551252269,"-2.87 [-3.83, -0.55]",no,no
own-side top-5 imbalance,<0.3,exploratory (post-hoc),27,8,0.35278492955701896,-1.7528412289123654,-3.023583235053635,-4.064322710393847,"-3.36 [-5.48, -1.09]",no,no
own-side top-5 imbalance,"[0.3,0.4)",exploratory (post-hoc),23,8,0.6547294499227461,-4.264129801287181,-3.0357361050552845,-5.88934719259153,"-5.82 [-7.63, -4.30]",no,no
own-side top-5 imbalance,"[0.4,0.5)",exploratory (post-hoc),37,9,1.0521954595515617,-3.433739434790324,-3.883478058911456,-5.18495565100654,"-5.26 [-6.41, -3.30]",no,no
own-side top-5 imbalance,"[0.5,0.6)",exploratory (post-hoc),33,8,0.34192957715676375,-5.6546964429113125,-7.7847316756143545,-7.506363109577979,"-7.50 [-11.81, -4.92]",no,no
own-side top-5 imbalance,>=0.6,exploratory (post-hoc),41,8,1.3235481709142922,-2.022787334488578,-5.670013525292402,-4.692299529610529,"-4.81 [-6.46, -2.96]",no,no
adverse 1 s taker flow,flow = 0,exploratory (post-hoc),156,9,0.9078481091054056,-3.451920693897489,-4.879012994633576,-5.536055309282105,"-5.48 [-6.25, -4.73]",no,no
adverse 1 s taker flow,flow > 0,exploratory (post-hoc),5,3,-2.5119903034227264,-0.6979385559155128,-4.677607722373611,-2.7009385559155126,"-1.79 [-4.06, +0.97]",no,no
realised vol 10 s,vol = 0,exploratory (post-hoc),159,9,0.7857614137105575,-3.2737950919163725,-4.7759692097078945,-5.355618991287442,"-5.27 [-6.04, -4.49]",no,no
realised vol 10 s,vol > 0,exploratory (post-hoc),2,1,2.0641443616754875,-10.72795070644137,-12.567480715575275,-12.792950706441369,-13.21 [n/a: 1 block],no,no
queue ahead (x own size),"[1,10)x",exploratory (post-hoc),44,9,1.6932338363503119,-2.1308341036621905,-3.3593711249441056,-4.471856830934919,"-4.63 [-7.06, -2.20]",no,no
queue ahead (x own size),"[10,100)x",exploratory (post-hoc),76,9,0.48178118561266187,-3.8545953514642526,-6.957109614068888,-6.181700614622147,"-5.94 [-7.31, -4.96]",no,no
queue ahead (x own size),>=100x,exploratory (post-hoc),41,9,0.4377242584720387,-3.787399359882108,-2.633205014827552,-5.1355700915894245,"-5.09 [-6.79, -3.41]",no,no
hour of day (UTC),06h,exploratory (post-hoc),70,4,1.2665993651197893,-3.329186480230784,-6.159056509088846,-5.8334721945164985,"-5.88 [-7.23, -4.75]",no,no
hour of day (UTC),07h,exploratory (post-hoc),91,5,0.4439823949993886,-3.3950139275981432,-3.8832979136097423,-5.151497444081661,"-4.96 [-5.72, -4.05]",no,no
"instrument (extra, not requested)",AVAX,exploratory (post-hoc),6,3,-0.7689781333384959,-5.527311348582668,-10.978635121130566,-7.369811348582669,"-6.60 [-9.67, -5.07]",no,no
"instrument (extra, not requested)",CASHCAT,exploratory (post-hoc),13,7,1.3205145543419776,-4.813057797309674,-20.897601015927094,-7.426134720386596,"-8.30 [-13.77, -2.80]",no,no
"instrument (extra, not requested)",CRV,exploratory (post-hoc),22,6,0.07293417810086428,-6.458291612727467,-4.945946316555722,-7.990337067272921,"-7.66 [-9.24, -6.08]",no,no
"instrument (extra, not requested)",FARTCOIN,exploratory (post-hoc),8,4,-0.23485223899191854,-3.2452177642700866,-0.4005241862456206,-4.652092764270087,"-4.30 [-5.79, -1.72]",no,no
"instrument (extra, not requested)",GRIFFAIN,exploratory (post-hoc),15,5,4.438682352893166,3.7474832544943046,-7.310419102485968,-2.190516745505695,"-3.54 [-5.25, -1.19]",no,no
"instrument (extra, not requested)",LIT,exploratory (post-hoc),9,7,0.25110220887378676,-2.4856509019609865,-4.890143179180425,-3.8156509019609866,"-3.44 [-5.07, -1.88]",no,no
"instrument (extra, not requested)",MET,exploratory (post-hoc),1,1,-2.681518151815573,10.313531353135323,-27.43399339933989,-1.3264686468646776,+4.74 [n/a: 1 block],yes,no
"instrument (extra, not requested)",MINA,exploratory (post-hoc),8,5,1.0899521492150614,-6.193269554042942,-1.0305834675040302,-9.12451955404294,"-8.74 [-14.59, -4.44]",no,no
"instrument (extra, not requested)",PENGU,exploratory (post-hoc),10,6,0.5805478003100946,-3.5412674415047336,-7.8997879168708405,-4.7032674415047335,"-4.30 [-7.75, -2.45]",no,no
"instrument (extra, not requested)",PONS,exploratory (post-hoc),7,3,-2.6289023627777675,-1.4358784238892848,11.596742686122834,-3.0758784238892853,"-2.18 [-2.85, +0.97]",no,no
"instrument (extra, not requested)",VVV,exploratory (post-hoc),30,9,0.9077728574789725,-3.202967258638595,-2.9810902368997176,-4.703967258638595,"-4.24 [-8.91, -1.75]",no,no
"instrument (extra, not requested)",kPEPE,exploratory (post-hoc),32,8,0.8522249277324678,-4.102108389250832,-1.8237126757673046,-5.380077139250831,"-5.57 [-6.98, -4.21]",no,no
