dimension,cell,status,n,blocks,mk +1s,mk +10s,mk +60s,drift +10s,gross +10s [95% CI]
spread at placement (bps),<3,exploratory (post-hoc),1617,116,0.482750726120668,-2.6030968526099616,-2.3057631476710405,-3.828396790767042,"-3.79 [-4.12, -3.47]"
spread at placement (bps),"[3,5)",exploratory (post-hoc),921,115,0.8440364359953881,-2.6779401965927674,-3.3436062683718015,-4.557066146647056,"-4.10 [-4.63, -3.60]"
spread at placement (bps),"[5,10)",exploratory (post-hoc),399,108,1.757838766804157,-4.900370645185427,-6.907342984331307,-8.333340569997457,"-7.94 [-9.27, -6.72]"
spread at placement (bps),>=10,exploratory (post-hoc),89,49,3.1290040176826737,-4.418317991178057,-1.3826365971925951,-10.947475294548843,"-9.69 [-12.08, -7.59]"
own-side top-5 imbalance,<0.3,exploratory (post-hoc),729,108,1.0982336287182115,-2.7897657182396483,-2.9333084322318563,-4.6709865687197585,"-4.29 [-4.90, -3.75]"
own-side top-5 imbalance,"[0.3,0.4)",exploratory (post-hoc),368,103,0.8796654455274853,-3.35764793575101,-1.3566497086138474,-5.3249169574901405,"-5.08 [-5.99, -4.22]"
own-side top-5 imbalance,"[0.4,0.5)",exploratory (post-hoc),545,107,0.8656201556808877,-3.1684921362067104,-3.14635585871501,-4.9770058976746006,"-4.85 [-5.62, -4.16]"
own-side top-5 imbalance,"[0.5,0.6)",exploratory (post-hoc),473,109,0.5259314797422482,-3.205633401976901,-3.2526772316617243,-5.179523465401848,"-4.99 [-5.74, -4.27]"
own-side top-5 imbalance,>=0.6,exploratory (post-hoc),911,115,0.760666007863481,-2.7569947947917366,-4.167817245146913,-4.566193477557928,"-4.31 [-5.02, -3.64]"
adverse 1 s taker flow,flow = 0,exploratory (post-hoc),2825,121,0.8269907879806463,-2.9868389066872347,-3.0972237057244048,-4.839332711996969,"-4.62 [-4.96, -4.30]"
adverse 1 s taker flow,flow > 0,exploratory (post-hoc),201,84,1.0028633391649926,-2.91666074121712,-4.700611989261701,-5.053675666590254,"-4.33 [-5.35, -3.38]"
realised vol 10 s,vol = 0,exploratory (post-hoc),3013,121,0.8409372328796433,-2.9779618777087262,-3.230792884009279,-4.84567512032406,"-4.60 [-4.93, -4.29]"
realised vol 10 s,vol > 0,exploratory (post-hoc),13,6,0.3138941962403074,-3.9591986799758265,3.192532879582239,-6.683429449206596,"-5.86 [-10.16, -1.30]"
queue ahead (x own size),<1x,exploratory (post-hoc),8,8,0.7070947216348393,-1.4893986360205207,-3.668614999252373,-3.825648636020521,"-4.12 [-8.26, -0.08]"
queue ahead (x own size),"[1,10)x",exploratory (post-hoc),1028,105,1.0808146198699442,-2.6437454218154355,-3.082628571756741,-4.54948958523956,"-4.33 [-4.89, -3.85]"
queue ahead (x own size),"[10,100)x",exploratory (post-hoc),1408,120,0.7071724406126526,-3.2091325820486345,-3.53598775804368,-5.121987695684998,"-4.81 [-5.32, -4.35]"
queue ahead (x own size),>=100x,exploratory (post-hoc),582,113,0.7309132711950049,-3.0514167734315647,-2.6030765256112787,-4.755437391988266,"-4.60 [-5.45, -3.77]"
hour of day (UTC),06h,exploratory (post-hoc),70,4,1.2665993651197893,-3.329186480230784,-6.159056509088846,-5.8334721945164985,"-5.88 [-7.23, -4.75]"
hour of day (UTC),07h,exploratory (post-hoc),319,11,0.5918772416215581,-2.786494161030967,-2.331700597559413,-4.511008267614039,"-4.28 [-5.27, -3.35]"
hour of day (UTC),08h,exploratory (post-hoc),382,12,0.8564387653707242,-2.5272663647835487,-2.6657281892125306,-4.300931286249518,"-3.99 [-4.62, -3.32]"
hour of day (UTC),09h,exploratory (post-hoc),448,12,0.8129465484162545,-2.7554601712314133,-2.984020893274079,-4.490248117659985,"-4.18 [-5.20, -3.29]"
hour of day (UTC),10h,exploratory (post-hoc),395,12,0.9230489526094824,-2.8091512777557437,-2.7043588217543575,-4.570391784084858,"-4.39 [-5.16, -3.78]"
hour of day (UTC),11h,exploratory (post-hoc),407,12,0.9885138212881994,-2.8414396548180583,-2.318628465838551,-4.820825404203808,"-4.64 [-5.48, -3.96]"
hour of day (UTC),12h,exploratory (post-hoc),330,12,0.8874410370986441,-4.091698691955683,-4.634797943977635,-6.232092631349623,"-5.97 [-7.05, -4.99]"
hour of day (UTC),13h,exploratory (post-hoc),233,12,0.33033706971149107,-2.8292272789260777,-4.3400263045117455,-4.6591843604711425,"-4.31 [-5.54, -3.22]"
hour of day (UTC),14h,exploratory (post-hoc),285,12,1.0343508313734926,-3.213245031842319,-3.892442861241478,-5.059157312544073,"-4.77 [-5.53, -4.10]"
hour of day (UTC),15h,exploratory (post-hoc),81,8,1.6092214025615112,-2.58215014610291,-5.031447928641724,-4.680792121411552,"-4.62 [-7.19, -3.08]"
hour of day (UTC),16h,exploratory (post-hoc),55,10,0.17008986507611049,-4.893330677279551,-2.441765809599758,-6.983421586370461,"-6.71 [-9.62, -4.60]"
hour of day (UTC),17h,exploratory (post-hoc),21,4,-0.10720736375039586,-1.5551771244126056,2.3716339154099484,-3.348034267269748,"-2.85 [-4.35, -0.36]"
"instrument (extra, not requested)",ADA,exploratory (post-hoc),41,20,0.13485516396538733,-2.723533522735351,-6.395049258430338,-4.05743596175974,"-3.62 [-5.52, -2.12]"
"instrument (extra, not requested)",AERO,exploratory (post-hoc),162,54,0.5875464007259813,-1.6104041935033293,-1.2790802390196236,-2.9420708601699954,"-2.51 [-3.30, -1.80]"
"instrument (extra, not requested)",ALGO,exploratory (post-hoc),23,15,0.6445370051197652,-8.176696202521287,-17.154365670093444,-9.983652724260416,"-9.97 [-15.75, -4.76]"
"instrument (extra, not requested)",AVAX,exploratory (post-hoc),6,3,-0.7689781333384959,-5.527311348582668,-10.978635121130566,-7.369811348582669,"-6.60 [-9.67, -5.07]"
"instrument (extra, not requested)",CASHCAT,exploratory (post-hoc),355,97,1.9187221989160803,-4.37583468746935,-6.4305134941981565,-7.8022431381735755,"-7.81 [-8.85, -6.88]"
"instrument (extra, not requested)",CHIP,exploratory (post-hoc),78,49,0.04441372057513275,-3.3210370794796598,-5.817032440981253,-4.896421694864275,"-4.52 [-7.33, -2.22]"
"instrument (extra, not requested)",CRV,exploratory (post-hoc),240,65,0.37592622946008003,-3.608311341885164,-3.3596169242270992,-4.956082175218498,"-4.68 [-5.44, -3.97]"
"instrument (extra, not requested)",FARTCOIN,exploratory (post-hoc),273,87,0.3911423249899923,-1.9551644975112499,-0.9053231241660396,-3.526684644031397,"-3.11 [-3.89, -2.40]"
"instrument (extra, not requested)",GRAM,exploratory (post-hoc),65,38,0.47547948172566273,-1.72714254863906,-1.2587978728768479,-3.0225271640236753,"-2.63 [-3.64, -1.64]"
"instrument (extra, not requested)",GRIFFAIN,exploratory (post-hoc),43,23,5.020811237329474,-4.11188786604857,-4.890206913262878,-10.892236703257872,"-11.78 [-17.16, -8.04]"
"instrument (extra, not requested)",JUP,exploratory (post-hoc),86,47,0.8765848629834947,-4.858548828115018,-4.593147549029005,-6.513141851370833,"-5.64 [-6.99, -4.29]"
"instrument (extra, not requested)",LIT,exploratory (post-hoc),9,7,0.25110220887378676,-2.4856509019609865,-4.890143179180425,-3.8156509019609866,"-3.44 [-5.07, -1.88]"
"instrument (extra, not requested)",MET,exploratory (post-hoc),13,9,-1.1884070487663467,-7.87889452010602,-12.033168635184937,-11.552740673952174,"-10.90 [-18.58, -3.92]"
"instrument (extra, not requested)",MINA,exploratory (post-hoc),60,38,-0.6830714125307865,-7.074404823773015,-5.243019786458827,-9.228404823773015,"-9.03 [-13.74, -5.33]"
"instrument (extra, not requested)",MON,exploratory (post-hoc),63,39,0.5270347302773276,-3.1545234925968098,-3.932831858474342,-4.678729841803159,"-3.93 [-5.47, -2.43]"
"instrument (extra, not requested)",NEAR,exploratory (post-hoc),21,14,0.9805310412413697,-3.147167446870105,-3.182908284966828,-4.558834113536771,"-3.43 [-6.82, -0.69]"
"instrument (extra, not requested)",PENGU,exploratory (post-hoc),11,7,0.05733499952928067,-4.682911858255131,-7.8997879168708405,-5.843820949164223,"-5.47 [-10.38, -2.91]"
"instrument (extra, not requested)",PONS,exploratory (post-hoc),132,55,0.39268490325066957,-4.784059676923267,-4.05321632816644,-6.587052101165691,"-6.02 [-7.72, -4.62]"
"instrument (extra, not requested)",SAND,exploratory (post-hoc),54,24,-0.21108674693651205,-3.0448825411088953,-2.0470664613708767,-4.563771429997785,"-4.28 [-5.85, -2.85]"
"instrument (extra, not requested)",TAO,exploratory (post-hoc),77,26,0.6540192964834013,-2.4128176286824616,-2.392112138682276,-3.727817628682462,"-3.07 [-4.17, -2.14]"
"instrument (extra, not requested)",VVV,exploratory (post-hoc),627,81,1.1296644138671965,-1.5596844681257098,-2.082810473115231,-3.1785600662118343,"-2.98 [-3.50, -2.53]"
"instrument (extra, not requested)",W,exploratory (post-hoc),32,25,0.011853701003872397,-10.576266977562154,-2.5750932626595477,-14.744391977562152,"-15.91 [-21.63, -10.44]"
"instrument (extra, not requested)",ZRO,exploratory (post-hoc),139,50,0.8290999949259378,-1.980116550210169,-4.157683846877728,-3.5140014422965002,"-2.89 [-3.92, -1.96]"
"instrument (extra, not requested)",kPEPE,exploratory (post-hoc),416,101,0.7406969125124682,-2.57754640908878,-1.373104739183826,-4.0672098706272415,"-4.13 [-4.68, -3.62]"
